{"cameraMode":{"drawMode":0,"name":"Shaded","section":"Shading Mode"},"sceneLighting":true,"audioPlay":false,"sceneViewState":{"m_AlwaysRefresh":false,"showFog":true,"showSkybox":true,"showFlares":true,"showImageEffects":true,"showParticleSystems":true,"showVisualEffectGraphs":true,"m_FxEnabled":true},"in2DMode":false,"pivot":{"x":4.644863605499268,"y":1.0245704650878907,"z":8.185938835144043},"rotation":{"x":-0.055781878530979159,"y":-0.0023993507493287327,"z":0.0001435472076991573,"w":-0.9984651207923889},"size":0.8436163663864136,"orthographic":false}